MAE,MSE,MAPE,R2
1837.0537109375,3455422.33686924,14.857153334990741,-41.84148025512695
