MAE,MSE,MAPE,R2
1869.8181465454436,3576875.9011506382,15.121201582414056,-43.34730089702735
