MAE,MSE,MAPE,R2
6137.352231538975,37749297.998199835,49.5137151512006,-467.0283921617714
