MAE,MSE,MAPE,R2,Target
1549.3813198183198,3625756.067147915,0.10737637714613146,0.8950961651216461,Population
