MAE,MSE,MAPE,R2
1707.9534227742197,2981501.4223043006,13.811161456800324,-35.96564945328681
