Year,y_true,y_pred
2022,12699,14284.818146545444
2023,12131,14284.818146545444
