Year,y_true,y_pred
2022,12699,18549.637069359844
2023,12131,18555.067393718105
