Year,y_true,y_pred
2022,12699,14153.188712977668
2023,12131,14092.718132570772
